<?xml version="1.0" encoding="UTF-8"?>
<project-private xmlns="http://www.netbeans.org/ns/project-private/1">
    <editor-bookmarks xmlns="http://www.netbeans.org/ns/editor-bookmarks/2" lastBookmarkId="0"/>
    <open-files xmlns="http://www.netbeans.org/ns/projectui-open-files/2">
        <group>
            <file>file:/C:/Users/Tapin/OneDrive/Documents/NetBeansProjects/RentalMobil/src/gui/transaksi.java</file>
            <file>file:/C:/Users/Tapin/OneDrive/Documents/NetBeansProjects/RentalMobil/src/gui/login.java</file>
            <file>file:/C:/Users/Tapin/OneDrive/Documents/NetBeansProjects/RentalMobil/src/gui/Home_Helma.java</file>
            <file>file:/C:/Users/Tapin/OneDrive/Documents/NetBeansProjects/RentalMobil/src/gui/mobil.java</file>
            <file>file:/C:/Users/Tapin/OneDrive/Documents/NetBeansProjects/RentalMobil/src/gui/penyewaan.java</file>
            <file>file:/C:/Users/Tapin/OneDrive/Documents/NetBeansProjects/RentalMobil/src/rentalmobil/RentalMobil.java</file>
        </group>
    </open-files>
</project-private>
